id,creation_time,failed,failed_reason,time_of_death,property1,property2,property3,property4,property5,details,assignment_id,event_type,class
1,"{""py/object"": ""datetime.datetime"", ""__reduce__"": [{""py/type"": ""datetime.datetime""}, [""B+kMAREuLQD5Ag==""]]}",False,,,,,,,,{},692dd3f3d29f653e2fb9a1c9,AssignmentReturned,Notification
2,"{""py/object"": ""datetime.datetime"", ""__reduce__"": [{""py/type"": ""datetime.datetime""}, [""B+kMAREvDg0YMQ==""]]}",False,,,,,,,,{},692dd35c3c21e34baa70a2a0,AssignmentReturned,Notification
3,"{""py/object"": ""datetime.datetime"", ""__reduce__"": [{""py/type"": ""datetime.datetime""}, [""B+kMAREwDg0BVQ==""]]}",False,,,,,,,,{},692dd35891b1189e20a446f7,AssignmentReturned,Notification
4,"{""py/object"": ""datetime.datetime"", ""__reduce__"": [{""py/type"": ""datetime.datetime""}, [""B+kMAREyEAExGA==""]]}",False,,,,,,,,{},692dd44d69936c25b58d59d2,AssignmentReturned,Notification
5,"{""py/object"": ""datetime.datetime"", ""__reduce__"": [{""py/type"": ""datetime.datetime""}, [""B+kMARE2Dg2lIQ==""]]}",False,,,,,,,,{},692dd4cd451499cf043cedea,AssignmentReturned,Notification
6,"{""py/object"": ""datetime.datetime"", ""__reduce__"": [{""py/type"": ""datetime.datetime""}, [""B+kMARIIJQMCfA==""]]}",False,,,,,,,,{},692dd53b292bba3e4067521b,RecruiterSubmissionComplete,Notification
7,"{""py/object"": ""datetime.datetime"", ""__reduce__"": [{""py/type"": ""datetime.datetime""}, [""B+kMARIILA2hyQ==""]]}",False,,,,,,,,{},692dd624c4ec5b3d9748ab63,AssignmentReturned,Notification
8,"{""py/object"": ""datetime.datetime"", ""__reduce__"": [{""py/type"": ""datetime.datetime""}, [""B+kMARIJLA3FiA==""]]}",False,,,,,,,,{},692dd86351593d0652c1e043,AssignmentReturned,Notification
9,"{""py/object"": ""datetime.datetime"", ""__reduce__"": [{""py/type"": ""datetime.datetime""}, [""B+kMARINNQXWdw==""]]}",False,,,,,,,,{},692dd470a31872269d3c429b,RecruiterSubmissionComplete,Notification
10,"{""py/object"": ""datetime.datetime"", ""__reduce__"": [{""py/type"": ""datetime.datetime""}, [""B+kMARIUKQX0LA==""]]}",False,,,,,,,,{},692dd5c34e1090fb200c4924,RecruiterSubmissionComplete,Notification
11,"{""py/object"": ""datetime.datetime"", ""__reduce__"": [{""py/type"": ""datetime.datetime""}, [""B+kMARIbBwv3wg==""]]}",False,,,,,,,,{},692dd45a25b2b19f6db09323,RecruiterSubmissionComplete,Notification
12,"{""py/object"": ""datetime.datetime"", ""__reduce__"": [{""py/type"": ""datetime.datetime""}, [""B+kMARIfIgBxfA==""]]}",False,,,,,,,,{},692dd8fcbf83c5c2ea399376,RecruiterSubmissionComplete,Notification
13,"{""py/object"": ""datetime.datetime"", ""__reduce__"": [{""py/type"": ""datetime.datetime""}, [""B+kMARIgLAD2DA==""]]}",False,,,,,,,,{},692dd8655186c6be583d04eb,RecruiterSubmissionComplete,Notification
14,"{""py/object"": ""datetime.datetime"", ""__reduce__"": [{""py/type"": ""datetime.datetime""}, [""B+kMARIhLwK9uQ==""]]}",False,,,,,,,,{},692dd36cfb08ec74e5458f22,RecruiterSubmissionComplete,Notification
15,"{""py/object"": ""datetime.datetime"", ""__reduce__"": [{""py/type"": ""datetime.datetime""}, [""B+kMARIvAglc+g==""]]}",False,,,,,,,,{},692dd48e36d1c8e6a7d3e2ee,RecruiterSubmissionComplete,Notification
16,"{""py/object"": ""datetime.datetime"", ""__reduce__"": [{""py/type"": ""datetime.datetime""}, [""B+kMARMBIACT4A==""]]}",False,,,,,,,,{},692dd8195c8f824db2c4861a,RecruiterSubmissionComplete,Notification
17,"{""py/object"": ""datetime.datetime"", ""__reduce__"": [{""py/type"": ""datetime.datetime""}, [""B+kMARMDJQhSEg==""]]}",False,,,,,,,,{},692de128f3fd28cd2d3e0f57,RecruiterSubmissionComplete,Notification
18,"{""py/object"": ""datetime.datetime"", ""__reduce__"": [{""py/type"": ""datetime.datetime""}, [""B+kMARMFCgRFOA==""]]}",False,,,,,,,,{},692ddf08f9125a11adc3159e,RecruiterSubmissionComplete,Notification
19,"{""py/object"": ""datetime.datetime"", ""__reduce__"": [{""py/type"": ""datetime.datetime""}, [""B+kMARMJGwF/zQ==""]]}",False,,,,,,,,{},692ddf0bb9e7292724588573,RecruiterSubmissionComplete,Notification
20,"{""py/object"": ""datetime.datetime"", ""__reduce__"": [{""py/type"": ""datetime.datetime""}, [""B+kMARMRKQVjWw==""]]}",False,,,,,,,,{},692de4ee7528a1f0b5311d2a,RecruiterSubmissionComplete,Notification
21,"{""py/object"": ""datetime.datetime"", ""__reduce__"": [{""py/type"": ""datetime.datetime""}, [""B+kMARMXEAwEEg==""]]}",False,,,,,,,,{},692ddba2de43ef40bdcef08c,RecruiterSubmissionComplete,Notification
22,"{""py/object"": ""datetime.datetime"", ""__reduce__"": [{""py/type"": ""datetime.datetime""}, [""B+kMARMaJQeU7g==""]]}",False,,,,,,,,{},692de09f9a873488b9d475d2,RecruiterSubmissionComplete,Notification
23,"{""py/object"": ""datetime.datetime"", ""__reduce__"": [{""py/type"": ""datetime.datetime""}, [""B+kMARMdBQEoQA==""]]}",False,,,,,,,,{},692de451eb6de9c016b15241,RecruiterSubmissionComplete,Notification
24,"{""py/object"": ""datetime.datetime"", ""__reduce__"": [{""py/type"": ""datetime.datetime""}, [""B+kMARMkFwKICQ==""]]}",False,,,,,,,,{},692de6cd20de0594423d0da8,RecruiterSubmissionComplete,Notification
25,"{""py/object"": ""datetime.datetime"", ""__reduce__"": [{""py/type"": ""datetime.datetime""}, [""B+kMARMlBw1jiA==""]]}",False,,,,,,,,{},692de5b52a0f03cc3987f9f4,RecruiterSubmissionComplete,Notification
26,"{""py/object"": ""datetime.datetime"", ""__reduce__"": [{""py/type"": ""datetime.datetime""}, [""B+kMARMlHAPR0w==""]]}",False,,,,,,,,{},692de379dba31914fb178cba,RecruiterSubmissionComplete,Notification
27,"{""py/object"": ""datetime.datetime"", ""__reduce__"": [{""py/type"": ""datetime.datetime""}, [""B+kMARM4AQPKfA==""]]}",False,,,,,,,,{},692dec474d20daf7c42462db,RecruiterSubmissionComplete,Notification
28,"{""py/object"": ""datetime.datetime"", ""__reduce__"": [{""py/type"": ""datetime.datetime""}, [""B+kMARQAGAaRhw==""]]}",False,,,,,,,,{},692dea19571f84ccb04effb0,RecruiterSubmissionComplete,Notification
29,"{""py/object"": ""datetime.datetime"", ""__reduce__"": [{""py/type"": ""datetime.datetime""}, [""B+kMARQDCAOUwA==""]]}",False,,,,,,,,{},692decad7593f190a2d4dd55,RecruiterSubmissionComplete,Notification
30,"{""py/object"": ""datetime.datetime"", ""__reduce__"": [{""py/type"": ""datetime.datetime""}, [""B+kMARQDMAMLPw==""]]}",False,,,,,,,,{},692de9108a6f101770c0c392,RecruiterSubmissionComplete,Notification
31,"{""py/object"": ""datetime.datetime"", ""__reduce__"": [{""py/type"": ""datetime.datetime""}, [""B+kMARQPHASg0A==""]]}",False,,,,,,,,{},692deac9743b3a5199c487f1,RecruiterSubmissionComplete,Notification
32,"{""py/object"": ""datetime.datetime"", ""__reduce__"": [{""py/type"": ""datetime.datetime""}, [""B+kMARQcKAZX/w==""]]}",False,,,,,,,,{},692df098b8ed235d274e9f99,RecruiterSubmissionComplete,Notification
33,"{""py/object"": ""datetime.datetime"", ""__reduce__"": [{""py/type"": ""datetime.datetime""}, [""B+kMARQeKQ5NEg==""]]}",False,,,,,,,,{},692defe1b7fc646129d9dc44,RecruiterSubmissionComplete,Notification
34,"{""py/object"": ""datetime.datetime"", ""__reduce__"": [{""py/type"": ""datetime.datetime""}, [""B+kMARQtMAvciw==""]]}",False,,,,,,,,{},692df2a6a727b125eb737fa8,RecruiterSubmissionComplete,Notification
35,"{""py/object"": ""datetime.datetime"", ""__reduce__"": [{""py/type"": ""datetime.datetime""}, [""B+kMARQyBQvWWA==""]]}",False,,,,,,,,{},692df45e99dd449379650d46,RecruiterSubmissionComplete,Notification
36,"{""py/object"": ""datetime.datetime"", ""__reduce__"": [{""py/type"": ""datetime.datetime""}, [""B+kMARUAMwGrcg==""]]}",False,,,,,,,,{},692df9ac1b7d2baec6c91ff4,RecruiterSubmissionComplete,Notification
37,"{""py/object"": ""datetime.datetime"", ""__reduce__"": [{""py/type"": ""datetime.datetime""}, [""B+kMARUFCwaqRQ==""]]}",False,,,,,,,,{},692dfc1541faa9ca0f4e6d65,RecruiterSubmissionComplete,Notification
38,"{""py/object"": ""datetime.datetime"", ""__reduce__"": [{""py/type"": ""datetime.datetime""}, [""B+kMARUGCAEQRQ==""]]}",False,,,,,,,,"{""feedback"": ""I'm not sure I was playing the game and actually almost done. I was close to the last round of the crafts. Then this screen just popped up."", ""error_text"": """", ""error_type"": ""/participant POST: worker has already participated."", ""request_data"": {""hit_id"": null, ""worker_id"": null, ""participant_id"": null}}",unknown,ExperimentError,Notification
39,"{""py/object"": ""datetime.datetime"", ""__reduce__"": [{""py/type"": ""datetime.datetime""}, [""B+kMARUGCgP0LQ==""]]}",False,,,,,,,,"{""feedback"": ""I'm not sure I was playing the game and actually almost done. I was close to the last round of the crafts. Then this screen just popped up."", ""error_text"": """", ""error_type"": ""/participant POST: worker has already participated."", ""request_data"": {""hit_id"": null, ""worker_id"": null, ""participant_id"": null}}",unknown,ExperimentError,Notification
40,"{""py/object"": ""datetime.datetime"", ""__reduce__"": [{""py/type"": ""datetime.datetime""}, [""B+kMARUGKg4FzQ==""]]}",False,,,,,,,,"{""feedback"": ""I'm not sure I was playing the game and actually almost done. I was close to the last round of the crafts. Then this screen just popped up."", ""error_text"": """", ""error_type"": ""/participant POST: worker has already participated."", ""request_data"": {""hit_id"": null, ""worker_id"": null, ""participant_id"": null}}",unknown,ExperimentError,Notification
41,"{""py/object"": ""datetime.datetime"", ""__reduce__"": [{""py/type"": ""datetime.datetime""}, [""B+kMARUUDAG2Eg==""]]}",False,,,,,,,,{},692dfdd36542dd5e0cbf224a,RecruiterSubmissionComplete,Notification
42,"{""py/object"": ""datetime.datetime"", ""__reduce__"": [{""py/type"": ""datetime.datetime""}, [""B+kMARUXOgIFgQ==""]]}",False,,,,,,,,{},692df92b75aa05486a1918b8,RecruiterSubmissionComplete,Notification
43,"{""py/object"": ""datetime.datetime"", ""__reduce__"": [{""py/type"": ""datetime.datetime""}, [""B+kMARUpFQDIbQ==""]]}",False,,,,,,,,{},692e0093c61b2987b4d0f0f3,RecruiterSubmissionComplete,Notification
44,"{""py/object"": ""datetime.datetime"", ""__reduce__"": [{""py/type"": ""datetime.datetime""}, [""B+kMARU6Dg1Vkg==""]]}",False,,,,,,,,{},692e07120a0087df226becd7,RecruiterSubmissionComplete,Notification
45,"{""py/object"": ""datetime.datetime"", ""__reduce__"": [{""py/type"": ""datetime.datetime""}, [""B+kMARYJGAMpbA==""]]}",False,,,,,,,,{},692e014a26eab42ebd3596c4,RecruiterSubmissionComplete,Notification
46,"{""py/object"": ""datetime.datetime"", ""__reduce__"": [{""py/type"": ""datetime.datetime""}, [""B+kMARYTOA65/w==""]]}",False,,,,,,,,"{""feedback"": ""Says I completed the task before when I did not. I was literally doing it just before and I accidently hit the back button."", ""error_text"": """", ""error_type"": ""/participant POST: worker has already participated."", ""request_data"": {""hit_id"": null, ""worker_id"": null, ""participant_id"": null}}",unknown,ExperimentError,Notification
47,"{""py/object"": ""datetime.datetime"", ""__reduce__"": [{""py/type"": ""datetime.datetime""}, [""B+kMARYVKAWuxA==""]]}",False,,,,,,,,{},692e0726e6e4bdf9633f89f3,RecruiterSubmissionComplete,Notification
48,"{""py/object"": ""datetime.datetime"", ""__reduce__"": [{""py/type"": ""datetime.datetime""}, [""B+kMARYXAAlRbg==""]]}",False,,,,,,,,{},692e0c6b999eac9d623ed9a8,RecruiterSubmissionComplete,Notification
49,"{""py/object"": ""datetime.datetime"", ""__reduce__"": [{""py/type"": ""datetime.datetime""}, [""B+kMARYbKwTWLA==""]]}",False,,,,,,,,"{""feedback"": """", ""error_text"": """", ""error_type"": ""/participant POST: worker has already participated."", ""request_data"": {""hit_id"": null, ""worker_id"": null, ""participant_id"": null}}",unknown,ExperimentError,Notification
50,"{""py/object"": ""datetime.datetime"", ""__reduce__"": [{""py/type"": ""datetime.datetime""}, [""B+kMARYdJg0eKg==""]]}",False,,,,,,,,{},692e10aea825c2b93f31e55f,RecruiterSubmissionComplete,Notification
51,"{""py/object"": ""datetime.datetime"", ""__reduce__"": [{""py/type"": ""datetime.datetime""}, [""B+kMARYwGwFVuQ==""]]}",False,,,,,,,,{},692e0f35834be4c25267bdca,RecruiterSubmissionComplete,Notification
52,"{""py/object"": ""datetime.datetime"", ""__reduce__"": [{""py/type"": ""datetime.datetime""}, [""B+kMARYwIAH/LA==""]]}",False,,,,,,,,"{""feedback"": ""The technical error survey wouldn't start."", ""error_text"": """", ""error_type"": ""/participant POST: worker has already participated."", ""request_data"": {""hit_id"": null, ""worker_id"": null, ""participant_id"": null}}",unknown,ExperimentError,Notification
53,"{""py/object"": ""datetime.datetime"", ""__reduce__"": [{""py/type"": ""datetime.datetime""}, [""B+kMARYxJQ6i4A==""]]}",False,,,,,,,,{},692e11e433c7041042fa4abb,RecruiterSubmissionComplete,Notification
54,"{""py/object"": ""datetime.datetime"", ""__reduce__"": [{""py/type"": ""datetime.datetime""}, [""B+kMARYyHQbBdA==""]]}",False,,,,,,,,{},692e1552680a70b68be73c39,RecruiterSubmissionComplete,Notification
55,"{""py/object"": ""datetime.datetime"", ""__reduce__"": [{""py/type"": ""datetime.datetime""}, [""B+kMARY0MAK1Ow==""]]}",False,,,,,,,,{},692e1284df591055a519d602,RecruiterSubmissionComplete,Notification
56,"{""py/object"": ""datetime.datetime"", ""__reduce__"": [{""py/type"": ""datetime.datetime""}, [""B+kMARY1BgKDbQ==""]]}",False,,,,,,,,{},692e10bb0cb6505d2830150e,RecruiterSubmissionComplete,Notification
57,"{""py/object"": ""datetime.datetime"", ""__reduce__"": [{""py/type"": ""datetime.datetime""}, [""B+kMARcJMQTE8A==""]]}",False,,,,,,,,{},692e16eb966228e1bb4d483f,RecruiterSubmissionComplete,Notification
58,"{""py/object"": ""datetime.datetime"", ""__reduce__"": [{""py/type"": ""datetime.datetime""}, [""B+kMARcKNAQqiA==""]]}",False,,,,,,,,{},692e14f2cfce1c3e86921225,RecruiterSubmissionComplete,Notification
59,"{""py/object"": ""datetime.datetime"", ""__reduce__"": [{""py/type"": ""datetime.datetime""}, [""B+kMARcMIgrbMQ==""]]}",False,,,,,,,,{},692e135526741f1e9436b55d,RecruiterSubmissionComplete,Notification
60,"{""py/object"": ""datetime.datetime"", ""__reduce__"": [{""py/type"": ""datetime.datetime""}, [""B+kMARcRIAKi+w==""]]}",False,,,,,,,,{},692e1164c60ccf8679437bc7,RecruiterSubmissionComplete,Notification
61,"{""py/object"": ""datetime.datetime"", ""__reduce__"": [{""py/type"": ""datetime.datetime""}, [""B+kMARcTNgfZbg==""]]}",False,,,,,,,,{},692e1bb64fbbca2d7a6b487c,RecruiterSubmissionComplete,Notification
62,"{""py/object"": ""datetime.datetime"", ""__reduce__"": [{""py/type"": ""datetime.datetime""}, [""B+kMARcTOA62gw==""]]}",False,,,,,,,,{},692e1508fee210c489bede7b,RecruiterSubmissionComplete,Notification
63,"{""py/object"": ""datetime.datetime"", ""__reduce__"": [{""py/type"": ""datetime.datetime""}, [""B+kMARcUKAwPQw==""]]}",False,,,,,,,,{},692e1c518d95dd508d6bfe5e,RecruiterSubmissionComplete,Notification
64,"{""py/object"": ""datetime.datetime"", ""__reduce__"": [{""py/type"": ""datetime.datetime""}, [""B+kMARcUMwXBcA==""]]}",False,,,,,,,,{},692e14d113d36b3398c90e5b,RecruiterSubmissionComplete,Notification
65,"{""py/object"": ""datetime.datetime"", ""__reduce__"": [{""py/type"": ""datetime.datetime""}, [""B+kMARcWHQI7xg==""]]}",False,,,,,,,,{},692e1b56757eb5e94b28d29c,RecruiterSubmissionComplete,Notification
66,"{""py/object"": ""datetime.datetime"", ""__reduce__"": [{""py/type"": ""datetime.datetime""}, [""B+kMARcaNg7xsA==""]]}",False,,,,,,,,{},692e1cea2464ac612a0936f6,RecruiterSubmissionComplete,Notification
67,"{""py/object"": ""datetime.datetime"", ""__reduce__"": [{""py/type"": ""datetime.datetime""}, [""B+kMARcbNw5R7w==""]]}",False,,,,,,,,{},692e1b54b713073a0f773880,RecruiterSubmissionComplete,Notification
68,"{""py/object"": ""datetime.datetime"", ""__reduce__"": [{""py/type"": ""datetime.datetime""}, [""B+kMAgA1NQX8og==""]]}",False,,,,,,,,{},692dee5c7254108bb1256a7f,AssignmentReturned,Notification
69,"{""py/object"": ""datetime.datetime"", ""__reduce__"": [{""py/type"": ""datetime.datetime""}, [""B+kMAgA1NQeiIg==""]]}",False,,,,,,,,{},692dff067fb2ab0b513b6338,AssignmentReturned,Notification
70,"{""py/object"": ""datetime.datetime"", ""__reduce__"": [{""py/type"": ""datetime.datetime""}, [""B+kMAgA1NQgAxQ==""]]}",False,,,,,,,,{},692df3da2464ac612a0932f5,AssignmentReturned,Notification
71,"{""py/object"": ""datetime.datetime"", ""__reduce__"": [{""py/type"": ""datetime.datetime""}, [""B+kMAgA1NQiHEg==""]]}",False,,,,,,,,{},692e12ac5e9bf4fc3bfe9eca,AssignmentReturned,Notification
72,"{""py/object"": ""datetime.datetime"", ""__reduce__"": [{""py/type"": ""datetime.datetime""}, [""B+kMAgA1NQkcbg==""]]}",False,,,,,,,,{},692e0c134935d4d26130cc07,AssignmentReturned,Notification
73,"{""py/object"": ""datetime.datetime"", ""__reduce__"": [{""py/type"": ""datetime.datetime""}, [""B+kMAgA1NQmM0w==""]]}",False,,,,,,,,{},692df58d5280d76e97e43305,AssignmentReturned,Notification
74,"{""py/object"": ""datetime.datetime"", ""__reduce__"": [{""py/type"": ""datetime.datetime""}, [""B+kMAgA1NQnPVQ==""]]}",False,,,,,,,,{},692e0172b3bcd97a69737adf,AssignmentReturned,Notification
75,"{""py/object"": ""datetime.datetime"", ""__reduce__"": [{""py/type"": ""datetime.datetime""}, [""B+kMAgA1NQo3Gg==""]]}",False,,,,,,,,{},692e0e49d619c43eee6bcc5e,AssignmentReturned,Notification
76,"{""py/object"": ""datetime.datetime"", ""__reduce__"": [{""py/type"": ""datetime.datetime""}, [""B+kMAgA1NQrOwg==""]]}",False,,,,,,,,{},692e02a0e12381d952273ec3,AssignmentReturned,Notification
77,"{""py/object"": ""datetime.datetime"", ""__reduce__"": [{""py/type"": ""datetime.datetime""}, [""B+kMAgA1NQtzJA==""]]}",False,,,,,,,,{},692e1c6f1b44d5b2f4054970,AssignmentReturned,Notification
78,"{""py/object"": ""datetime.datetime"", ""__reduce__"": [{""py/type"": ""datetime.datetime""}, [""B+kMAgA1NQvlBQ==""]]}",False,,,,,,,,{},692ddc4fd853ef75490bed1e,AssignmentReturned,Notification
79,"{""py/object"": ""datetime.datetime"", ""__reduce__"": [{""py/type"": ""datetime.datetime""}, [""B+kMAgA1NQw/Pw==""]]}",False,,,,,,,,{},692e13623fcf9cd78714a145,AssignmentReturned,Notification
80,"{""py/object"": ""datetime.datetime"", ""__reduce__"": [{""py/type"": ""datetime.datetime""}, [""B+kMAgA1NQyLig==""]]}",False,,,,,,,,{},692decb400842df39dfb66a2,AssignmentAbandoned,Notification
81,"{""py/object"": ""datetime.datetime"", ""__reduce__"": [{""py/type"": ""datetime.datetime""}, [""B+kMAgA1NQznGA==""]]}",False,,,,,,,,{},692e14c41e731fe836467896,AssignmentReturned,Notification
82,"{""py/object"": ""datetime.datetime"", ""__reduce__"": [{""py/type"": ""datetime.datetime""}, [""B+kMAgA1NQ1y6Q==""]]}",False,,,,,,,,{},692e14cacba40e61c8947cdd,AssignmentReturned,Notification
83,"{""py/object"": ""datetime.datetime"", ""__reduce__"": [{""py/type"": ""datetime.datetime""}, [""B+kMAgA1NQ4lgw==""]]}",False,,,,,,,,{},692dd4bc7c1d43267620adc8,AssignmentAbandoned,Notification
84,"{""py/object"": ""datetime.datetime"", ""__reduce__"": [{""py/type"": ""datetime.datetime""}, [""B+kMAgA1NQ8Ahg==""]]}",False,,,,,,,,{},692dea5f4fbbca2d7a6b43f0,AssignmentReturned,Notification
85,"{""py/object"": ""datetime.datetime"", ""__reduce__"": [{""py/type"": ""datetime.datetime""}, [""B+kMAgA1NQ82eQ==""]]}",False,,,,,,,,{},692df8c8405999db787a04e8,AssignmentReturned,Notification
86,"{""py/object"": ""datetime.datetime"", ""__reduce__"": [{""py/type"": ""datetime.datetime""}, [""B+kMAgA1NgCYZQ==""]]}",False,,,,,,,,{},692ddd0e44e70c99d8e0b780,AssignmentReturned,Notification
87,"{""py/object"": ""datetime.datetime"", ""__reduce__"": [{""py/type"": ""datetime.datetime""}, [""B+kMAgA1NgEGoQ==""]]}",False,,,,,,,,{},692df9a670ed79b29c39e26f,AssignmentReturned,Notification
88,"{""py/object"": ""datetime.datetime"", ""__reduce__"": [{""py/type"": ""datetime.datetime""}, [""B+kMAgA1NgGYOw==""]]}",False,,,,,,,,{},692ddbe257044402861e1888,AssignmentReturned,Notification
89,"{""py/object"": ""datetime.datetime"", ""__reduce__"": [{""py/type"": ""datetime.datetime""}, [""B+kMAgA1NgIQYA==""]]}",False,,,,,,,,{},692dd891cda911931725de09,AssignmentReturned,Notification
90,"{""py/object"": ""datetime.datetime"", ""__reduce__"": [{""py/type"": ""datetime.datetime""}, [""B+kMAgA1NgKuYQ==""]]}",False,,,,,,,,{},692dfe1407bfb6b5e96a7fb3,AssignmentReturned,Notification
91,"{""py/object"": ""datetime.datetime"", ""__reduce__"": [{""py/type"": ""datetime.datetime""}, [""B+kMAgA1NgPH0Q==""]]}",False,,,,,,,,{},692e0c8a6572459c776fb2b6,AssignmentReturned,Notification
92,"{""py/object"": ""datetime.datetime"", ""__reduce__"": [{""py/type"": ""datetime.datetime""}, [""B+kMAgA1NgQ2xA==""]]}",False,,,,,,,,{},692debfb4b4a2322d1197038,AssignmentReturned,Notification
93,"{""py/object"": ""datetime.datetime"", ""__reduce__"": [{""py/type"": ""datetime.datetime""}, [""B+kMAgA1NgS9sA==""]]}",False,,,,,,,,{},692dfedfc4993fac8b60049d,AssignmentReturned,Notification
94,"{""py/object"": ""datetime.datetime"", ""__reduce__"": [{""py/type"": ""datetime.datetime""}, [""B+kMAgA1NgUljw==""]]}",False,,,,,,,,{},692e14c96f0c72b0b67d5f6d,AssignmentReturned,Notification
95,"{""py/object"": ""datetime.datetime"", ""__reduce__"": [{""py/type"": ""datetime.datetime""}, [""B+kMAgA1NgWeqg==""]]}",False,,,,,,,,{},692df6d61f9dcd3ba5de58c0,AssignmentReturned,Notification
96,"{""py/object"": ""datetime.datetime"", ""__reduce__"": [{""py/type"": ""datetime.datetime""}, [""B+kMAgA1NgYbkA==""]]}",False,,,,,,,,{},692df383a1c4fb403548afe9,AssignmentReturned,Notification
97,"{""py/object"": ""datetime.datetime"", ""__reduce__"": [{""py/type"": ""datetime.datetime""}, [""B+kMAgA1NgZ/1g==""]]}",False,,,,,,,,{},692dfc1f81c748b55f30ccb3,AssignmentReturned,Notification
98,"{""py/object"": ""datetime.datetime"", ""__reduce__"": [{""py/type"": ""datetime.datetime""}, [""B+kMAgA1NgcI4A==""]]}",False,,,,,,,,{},692e0fd2d29f653e2fb9b0de,AssignmentReturned,Notification
99,"{""py/object"": ""datetime.datetime"", ""__reduce__"": [{""py/type"": ""datetime.datetime""}, [""B+kMAgA1Ngd7fw==""]]}",False,,,,,,,,{},692e1b529f23717720569c9e,AssignmentReturned,Notification
100,"{""py/object"": ""datetime.datetime"", ""__reduce__"": [{""py/type"": ""datetime.datetime""}, [""B+kMAgA1NgfNSg==""]]}",False,,,,,,,,{},692ded45086e98d0056a2643,AssignmentReturned,Notification
101,"{""py/object"": ""datetime.datetime"", ""__reduce__"": [{""py/type"": ""datetime.datetime""}, [""B+kMAgA1Ngha5w==""]]}",False,,,,,,,,{},692e09cfa34a76995172ab55,AssignmentReturned,Notification
102,"{""py/object"": ""datetime.datetime"", ""__reduce__"": [{""py/type"": ""datetime.datetime""}, [""B+kMAgA1NgiLuQ==""]]}",False,,,,,,,,{},692dfcca78f061bba1d0ef76,AssignmentReturned,Notification
103,"{""py/object"": ""datetime.datetime"", ""__reduce__"": [{""py/type"": ""datetime.datetime""}, [""B+kMAgA1Ngj+bg==""]]}",False,,,,,,,,{},692e08e3a31872269d3c4be2,AssignmentReturned,Notification
104,"{""py/object"": ""datetime.datetime"", ""__reduce__"": [{""py/type"": ""datetime.datetime""}, [""B+kMAgA1NglDNw==""]]}",False,,,,,,,,{},692e0d2d4e40716fdbe2a7d8,AssignmentReturned,Notification
105,"{""py/object"": ""datetime.datetime"", ""__reduce__"": [{""py/type"": ""datetime.datetime""}, [""B+kMAgA1Ngmxdw==""]]}",False,,,,,,,,{},692debfcf5e98404a40d3fcd,AssignmentReturned,Notification
106,"{""py/object"": ""datetime.datetime"", ""__reduce__"": [{""py/type"": ""datetime.datetime""}, [""B+kMAgA1NgnuHw==""]]}",False,,,,,,,,{},692de24d66b70476c8b7f5c1,AssignmentReturned,Notification
107,"{""py/object"": ""datetime.datetime"", ""__reduce__"": [{""py/type"": ""datetime.datetime""}, [""B+kMAgA1NgpEiw==""]]}",False,,,,,,,,{},692e11883d0f7301998d405f,AssignmentReturned,Notification
108,"{""py/object"": ""datetime.datetime"", ""__reduce__"": [{""py/type"": ""datetime.datetime""}, [""B+kMAgA1Ngqhyw==""]]}",False,,,,,,,,{},692e069a5cbb2b8b65ef9ed9,AssignmentReturned,Notification
109,"{""py/object"": ""datetime.datetime"", ""__reduce__"": [{""py/type"": ""datetime.datetime""}, [""B+kMAgA1NgrkAw==""]]}",False,,,,,,,,{},692df5e7c4e2366ff4b93797,AssignmentReturned,Notification
110,"{""py/object"": ""datetime.datetime"", ""__reduce__"": [{""py/type"": ""datetime.datetime""}, [""B+kMAgA1NgtJfA==""]]}",False,,,,,,,,{},692e1b89b04e7d2466be569b,AssignmentReturned,Notification
111,"{""py/object"": ""datetime.datetime"", ""__reduce__"": [{""py/type"": ""datetime.datetime""}, [""B+kMAgA1NgvTeg==""]]}",False,,,,,,,,{},692e087bcba40e61c89477d3,AssignmentReturned,Notification
112,"{""py/object"": ""datetime.datetime"", ""__reduce__"": [{""py/type"": ""datetime.datetime""}, [""B+kMAgA1NgxIYQ==""]]}",False,,,,,,,,{},692dfe0079b9702b9ee584be,AssignmentReturned,Notification
113,"{""py/object"": ""datetime.datetime"", ""__reduce__"": [{""py/type"": ""datetime.datetime""}, [""B+kMAgA1NgzBww==""]]}",False,,,,,,,,{},692e1b57d5b45308a44f7f05,AssignmentReturned,Notification
114,"{""py/object"": ""datetime.datetime"", ""__reduce__"": [{""py/type"": ""datetime.datetime""}, [""B+kMAgA1Ng0WhQ==""]]}",False,,,,,,,,{},692dd96d61d8e581db8f8427,AssignmentReturned,Notification
115,"{""py/object"": ""datetime.datetime"", ""__reduce__"": [{""py/type"": ""datetime.datetime""}, [""B+kMAgA1Ng1Viw==""]]}",False,,,,,,,,{},692dfcef79b9702b9ee58490,AssignmentReturned,Notification
116,"{""py/object"": ""datetime.datetime"", ""__reduce__"": [{""py/type"": ""datetime.datetime""}, [""B+kMAgA1Ng3O5A==""]]}",False,,,,,,,,{},692e0e859a873488b9d47a48,AssignmentReturned,Notification
117,"{""py/object"": ""datetime.datetime"", ""__reduce__"": [{""py/type"": ""datetime.datetime""}, [""B+kMAgA1Ng4W9A==""]]}",False,,,,,,,,{},692e01162f60bb06fab887a6,AssignmentReturned,Notification
118,"{""py/object"": ""datetime.datetime"", ""__reduce__"": [{""py/type"": ""datetime.datetime""}, [""B+kMAgA1Ng5McQ==""]]}",False,,,,,,,,{},692df6927230558a1ecbcc8e,AssignmentReturned,Notification
119,"{""py/object"": ""datetime.datetime"", ""__reduce__"": [{""py/type"": ""datetime.datetime""}, [""B+kMAgA1Ng6fMA==""]]}",False,,,,,,,,{},692df2caecdc86e21cb155be,AssignmentReturned,Notification
120,"{""py/object"": ""datetime.datetime"", ""__reduce__"": [{""py/type"": ""datetime.datetime""}, [""B+kMAgA1Ng8U1w==""]]}",False,,,,,,,,{},692de55b25c29c8b555b53c8,AssignmentReturned,Notification
121,"{""py/object"": ""datetime.datetime"", ""__reduce__"": [{""py/type"": ""datetime.datetime""}, [""B+kMAgA1NwAL2Q==""]]}",False,,,,,,,,{},692df7dfe3b201dd61407022,AssignmentReturned,Notification
122,"{""py/object"": ""datetime.datetime"", ""__reduce__"": [{""py/type"": ""datetime.datetime""}, [""B+kMAgA1NwCdnQ==""]]}",False,,,,,,,,{},692e0e92ce4a44d221ad038e,AssignmentReturned,Notification
123,"{""py/object"": ""datetime.datetime"", ""__reduce__"": [{""py/type"": ""datetime.datetime""}, [""B+kMAgA1NwD0CQ==""]]}",False,,,,,,,,{},692e1c8c109e6594331f839a,AssignmentReturned,Notification
124,"{""py/object"": ""datetime.datetime"", ""__reduce__"": [{""py/type"": ""datetime.datetime""}, [""B+kMAgA1NwFbhg==""]]}",False,,,,,,,,{},692de806c0b2fd629f6be6da,AssignmentReturned,Notification
125,"{""py/object"": ""datetime.datetime"", ""__reduce__"": [{""py/type"": ""datetime.datetime""}, [""B+kMAgA1NwGmRQ==""]]}",False,,,,,,,,{},692dee675561b728147d5552,AssignmentReturned,Notification
126,"{""py/object"": ""datetime.datetime"", ""__reduce__"": [{""py/type"": ""datetime.datetime""}, [""B+kMAgA1NwHt+A==""]]}",False,,,,,,,,{},692e0c663da24b44c5602b8f,AssignmentReturned,Notification
127,"{""py/object"": ""datetime.datetime"", ""__reduce__"": [{""py/type"": ""datetime.datetime""}, [""B+kMAgA1NwJijg==""]]}",False,,,,,,,,{},692e1421d96af72300afd2c7,AssignmentReturned,Notification
128,"{""py/object"": ""datetime.datetime"", ""__reduce__"": [{""py/type"": ""datetime.datetime""}, [""B+kMAgA1NwKz5w==""]]}",False,,,,,,,,{},692e12284197d6b320a99087,AssignmentReturned,Notification
129,"{""py/object"": ""datetime.datetime"", ""__reduce__"": [{""py/type"": ""datetime.datetime""}, [""B+kMAgA1NwMV2g==""]]}",False,,,,,,,,{},692e1e17c4e14acb8426024f,AssignmentReturned,Notification
130,"{""py/object"": ""datetime.datetime"", ""__reduce__"": [{""py/type"": ""datetime.datetime""}, [""B+kMAgA1NwN01A==""]]}",False,,,,,,,,{},692e0bd28f82cf27ae90b27c,AssignmentReturned,Notification
131,"{""py/object"": ""datetime.datetime"", ""__reduce__"": [{""py/type"": ""datetime.datetime""}, [""B+kMAgA1NwPXTA==""]]}",False,,,,,,,,{},692e0f2b0a0087df226beda4,AssignmentReturned,Notification
132,"{""py/object"": ""datetime.datetime"", ""__reduce__"": [{""py/type"": ""datetime.datetime""}, [""B+kMAgA1NwQaRw==""]]}",False,,,,,,,,{},692e0f8295c3c5659f490d43,AssignmentReturned,Notification
133,"{""py/object"": ""datetime.datetime"", ""__reduce__"": [{""py/type"": ""datetime.datetime""}, [""B+kMAgA1NwSYDA==""]]}",False,,,,,,,,{},692e0c6bab00e194d08c40fc,AssignmentReturned,Notification
134,"{""py/object"": ""datetime.datetime"", ""__reduce__"": [{""py/type"": ""datetime.datetime""}, [""B+kMAgA1NwTcYA==""]]}",False,,,,,,,,{},692e114f46f637f28fda886b,AssignmentReturned,Notification
135,"{""py/object"": ""datetime.datetime"", ""__reduce__"": [{""py/type"": ""datetime.datetime""}, [""B+kMAgA1NwUnHA==""]]}",False,,,,,,,,{},692e14724d8dd2795f332ab6,AssignmentReturned,Notification
136,"{""py/object"": ""datetime.datetime"", ""__reduce__"": [{""py/type"": ""datetime.datetime""}, [""B+kMAhMjCAO1xQ==""]]}",False,,,,,,,,{},692f3eb81e1832e6ea20719e,AssignmentReturned,Notification
137,"{""py/object"": ""datetime.datetime"", ""__reduce__"": [{""py/type"": ""datetime.datetime""}, [""B+kMAhMkBwOX6Q==""]]}",False,,,,,,,,{},692f3ea0014c6bc89b12870d,AssignmentReturned,Notification
138,"{""py/object"": ""datetime.datetime"", ""__reduce__"": [{""py/type"": ""datetime.datetime""}, [""B+kMAhMrJQSn5Q==""]]}",False,,,,,,,,{},692f40fa928e5cb7825a82b4,AssignmentReturned,Notification
139,"{""py/object"": ""datetime.datetime"", ""__reduce__"": [{""py/type"": ""datetime.datetime""}, [""B+kMAhM5DQ1iQg==""]]}",False,,,,,,,,{},692f3a66e06d8f573827fc1c,RecruiterSubmissionComplete,Notification
140,"{""py/object"": ""datetime.datetime"", ""__reduce__"": [{""py/type"": ""datetime.datetime""}, [""B+kMAhM6OA097A==""]]}",False,,,,,,,,{},692f39ef95142b287a96cff0,RecruiterSubmissionComplete,Notification
141,"{""py/object"": ""datetime.datetime"", ""__reduce__"": [{""py/type"": ""datetime.datetime""}, [""B+kMAhQFJQZxeA==""]]}",False,,,,,,,,{},692f45ae97333cc66a35ec1f,AssignmentReturned,Notification
142,"{""py/object"": ""datetime.datetime"", ""__reduce__"": [{""py/type"": ""datetime.datetime""}, [""B+kMAhQJDgMqfQ==""]]}",False,,,,,,,,{},692f4716c9cc4d6b33a0d9e5,AssignmentReturned,Notification
143,"{""py/object"": ""datetime.datetime"", ""__reduce__"": [{""py/type"": ""datetime.datetime""}, [""B+kMAhQTBwPkww==""]]}",False,,,,,,,,{},692f453ec5dd7b5a42b45632,AssignmentReturned,Notification
144,"{""py/object"": ""datetime.datetime"", ""__reduce__"": [{""py/type"": ""datetime.datetime""}, [""B+kMAhQWBwN/kg==""]]}",False,,,,,,,,{},692f489195142b287a96d1c5,AssignmentReturned,Notification
145,"{""py/object"": ""datetime.datetime"", ""__reduce__"": [{""py/type"": ""datetime.datetime""}, [""B+kMAhQWNQjHVg==""]]}",False,,,,,,,,{},692f42d4bd98e75c9385817b,RecruiterSubmissionComplete,Notification
146,"{""py/object"": ""datetime.datetime"", ""__reduce__"": [{""py/type"": ""datetime.datetime""}, [""B+kMAhQZCQne9w==""]]}",False,,,,,,,,{},692f4af4a048a0c39c1ee5b4,AssignmentReturned,Notification
147,"{""py/object"": ""datetime.datetime"", ""__reduce__"": [{""py/type"": ""datetime.datetime""}, [""B+kMAhQiJQqMYQ==""]]}",False,,,,,,,,{},692f4c1b788dff1d1c719382,AssignmentReturned,Notification
148,"{""py/object"": ""datetime.datetime"", ""__reduce__"": [{""py/type"": ""datetime.datetime""}, [""B+kMAhQiMgVhzQ==""]]}",False,,,,,,,,{},692f4187fd0633ff068296d9,RecruiterSubmissionComplete,Notification
149,"{""py/object"": ""datetime.datetime"", ""__reduce__"": [{""py/type"": ""datetime.datetime""}, [""B+kMAhQlHgvFew==""]]}",False,,,,,,,,{},692f42e9072e441e508b9624,RecruiterSubmissionComplete,Notification
150,"{""py/object"": ""datetime.datetime"", ""__reduce__"": [{""py/type"": ""datetime.datetime""}, [""B+kMAhQoCAZWgA==""]]}",False,,,,,,,,{},692f4c5c5669988194a0aa9f,AssignmentReturned,Notification
151,"{""py/object"": ""datetime.datetime"", ""__reduce__"": [{""py/type"": ""datetime.datetime""}, [""B+kMAhQoJg1fpg==""]]}",False,,,,,,,,{},692f4c5cc385f6e3b835f1db,AssignmentReturned,Notification
152,"{""py/object"": ""datetime.datetime"", ""__reduce__"": [{""py/type"": ""datetime.datetime""}, [""B+kMAhQpNAYLKA==""]]}",False,,,,,,,,{},692f42917505068ca1961cb1,RecruiterSubmissionComplete,Notification
153,"{""py/object"": ""datetime.datetime"", ""__reduce__"": [{""py/type"": ""datetime.datetime""}, [""B+kMAhQ2CAiNiQ==""]]}",False,,,,,,,,{},692f4a57bc31d9c9409b4051,AssignmentReturned,Notification
154,"{""py/object"": ""datetime.datetime"", ""__reduce__"": [{""py/type"": ""datetime.datetime""}, [""B+kMAhUHCAdfjw==""]]}",False,,,,,,,,{},692f4e1c0fda77d195ec2bb2,AssignmentReturned,Notification
155,"{""py/object"": ""datetime.datetime"", ""__reduce__"": [{""py/type"": ""datetime.datetime""}, [""B+kMAhUKBwpyHA==""]]}",False,,,,,,,,{},692f53c4d8764dd627943df4,AssignmentReturned,Notification
156,"{""py/object"": ""datetime.datetime"", ""__reduce__"": [{""py/type"": ""datetime.datetime""}, [""B+kMAhUMCAZkeA==""]]}",False,,,,,,,,{},692f5281d5da58c0a1a385d7,AssignmentReturned,Notification
157,"{""py/object"": ""datetime.datetime"", ""__reduce__"": [{""py/type"": ""datetime.datetime""}, [""B+kMAhUOBwngpA==""]]}",False,,,,,,,,{},692f54a9028eab54119ec12c,AssignmentReturned,Notification
158,"{""py/object"": ""datetime.datetime"", ""__reduce__"": [{""py/type"": ""datetime.datetime""}, [""B+kMAhUTOARS1w==""]]}",False,,,,,,,,{},692f504ad5423180119b404f,RecruiterSubmissionComplete,Notification
159,"{""py/object"": ""datetime.datetime"", ""__reduce__"": [{""py/type"": ""datetime.datetime""}, [""B+kMAhUUOAqjLQ==""]]}",False,,,,,,,,{},692f4bf8adeba02a2e3cee49,RecruiterSubmissionComplete,Notification
160,"{""py/object"": ""datetime.datetime"", ""__reduce__"": [{""py/type"": ""datetime.datetime""}, [""B+kMAhUYJgf8ng==""]]}",False,,,,,,,,{},692f5782377261993e3dfb9d,AssignmentReturned,Notification
161,"{""py/object"": ""datetime.datetime"", ""__reduce__"": [{""py/type"": ""datetime.datetime""}, [""B+kMAhUgDw0ymw==""]]}",False,,,,,,,,{},692f4b117a5b9f31b36e549c,RecruiterSubmissionComplete,Notification
162,"{""py/object"": ""datetime.datetime"", ""__reduce__"": [{""py/type"": ""datetime.datetime""}, [""B+kMAhUkDwx3Kg==""]]}",False,,,,,,,,{},692f4ca03a624af769454417,RecruiterSubmissionComplete,Notification
163,"{""py/object"": ""datetime.datetime"", ""__reduce__"": [{""py/type"": ""datetime.datetime""}, [""B+kMAhUlBwuySQ==""]]}",False,,,,,,,,{},692f4ca03a624af769454417,RecruiterSubmissionComplete,Notification
164,"{""py/object"": ""datetime.datetime"", ""__reduce__"": [{""py/type"": ""datetime.datetime""}, [""B+kMAhUlJQF21w==""]]}",False,,,,,,,,{},692f4a47f30fbd50e557b5a7,RecruiterSubmissionComplete,Notification
165,"{""py/object"": ""datetime.datetime"", ""__reduce__"": [{""py/type"": ""datetime.datetime""}, [""B+kMAhUoCggvYg==""]]}",False,,,,,,,,{},692f4fce66064bb93caaa0e5,RecruiterSubmissionComplete,Notification
166,"{""py/object"": ""datetime.datetime"", ""__reduce__"": [{""py/type"": ""datetime.datetime""}, [""B+kMAhUtOQ63WQ==""]]}",False,,,,,,,,{},692f51823cc67da7ca769535,RecruiterSubmissionComplete,Notification
167,"{""py/object"": ""datetime.datetime"", ""__reduce__"": [{""py/type"": ""datetime.datetime""}, [""B+kMAhU1BwpDYQ==""]]}",False,,,,,,,,{},692f58a14492b13b014853ca,AssignmentReturned,Notification
168,"{""py/object"": ""datetime.datetime"", ""__reduce__"": [{""py/type"": ""datetime.datetime""}, [""B+kMAhU1LAV/ig==""]]}",False,,,,,,,,{},692f5349f851e71a3359bcab,RecruiterSubmissionComplete,Notification
169,"{""py/object"": ""datetime.datetime"", ""__reduce__"": [{""py/type"": ""datetime.datetime""}, [""B+kMAhU3CQjp5A==""]]}",False,,,,,,,,{},692f5d089b0b8b0305f62b9f,AssignmentReturned,Notification
170,"{""py/object"": ""datetime.datetime"", ""__reduce__"": [{""py/type"": ""datetime.datetime""}, [""B+kMAhU3IwzOKQ==""]]}",False,,,,,,,,{},692f56885f7ccc0605f278ea,RecruiterSubmissionComplete,Notification
171,"{""py/object"": ""datetime.datetime"", ""__reduce__"": [{""py/type"": ""datetime.datetime""}, [""B+kMAhYHJgg1DQ==""]]}",False,,,,,,,,{},692f58a7099fea82662620fa,RecruiterSubmissionComplete,Notification
172,"{""py/object"": ""datetime.datetime"", ""__reduce__"": [{""py/type"": ""datetime.datetime""}, [""B+kMAhYJLAX1DA==""]]}",False,,,,,,,,{},692f5a171fdc51ba784dc805,RecruiterSubmissionComplete,Notification
173,"{""py/object"": ""datetime.datetime"", ""__reduce__"": [{""py/type"": ""datetime.datetime""}, [""B+kMAhYMBwnyhA==""]]}",False,,,,,,,,{},692f5c3b45f17e80a7260fd7,AssignmentReturned,Notification
174,"{""py/object"": ""datetime.datetime"", ""__reduce__"": [{""py/type"": ""datetime.datetime""}, [""B+kMAhYNCAFyew==""]]}",False,,,,,,,,{},692f59169a158301d5f65e4e,AssignmentReturned,Notification
175,"{""py/object"": ""datetime.datetime"", ""__reduce__"": [{""py/type"": ""datetime.datetime""}, [""B+kMAhYPCAX7TQ==""]]}",False,,,,,,,,{},692f592458d1ed8c121dd45c,AssignmentReturned,Notification
176,"{""py/object"": ""datetime.datetime"", ""__reduce__"": [{""py/type"": ""datetime.datetime""}, [""B+kMAhYTOQ8dvA==""]]}",False,,,,,,,,{},692f58c012dd19d2676f6190,RecruiterSubmissionComplete,Notification
177,"{""py/object"": ""datetime.datetime"", ""__reduce__"": [{""py/type"": ""datetime.datetime""}, [""B+kMAhYXDwgr8g==""]]}",False,,,,,,,,{},692f5a1a58acb1ec83386e89,RecruiterSubmissionComplete,Notification
178,"{""py/object"": ""datetime.datetime"", ""__reduce__"": [{""py/type"": ""datetime.datetime""}, [""B+kMAhYgBwtsQg==""]]}",False,,,,,,,,{},692f5e3f969daa2282614b35,AssignmentReturned,Notification
179,"{""py/object"": ""datetime.datetime"", ""__reduce__"": [{""py/type"": ""datetime.datetime""}, [""B+kMAhYuCAfJGg==""]]}",False,,,,,,,,{},692f69bbc07e5f844dd8f93b,AssignmentReturned,Notification
180,"{""py/object"": ""datetime.datetime"", ""__reduce__"": [{""py/type"": ""datetime.datetime""}, [""B+kMAhY3CABUlg==""]]}",False,,,,,,,,{},692f65b895394831556da140,RecruiterSubmissionComplete,Notification
181,"{""py/object"": ""datetime.datetime"", ""__reduce__"": [{""py/type"": ""datetime.datetime""}, [""B+kMAhcDCAVJbw==""]]}",False,,,,,,,,{},692f6c2ea006f12be61ef290,AssignmentReturned,Notification
182,"{""py/object"": ""datetime.datetime"", ""__reduce__"": [{""py/type"": ""datetime.datetime""}, [""B+kMAhcIOwxSlA==""]]}",False,,,,,,,,{},692f6709b76e90dd484876c0,RecruiterSubmissionComplete,Notification
183,"{""py/object"": ""datetime.datetime"", ""__reduce__"": [{""py/type"": ""datetime.datetime""}, [""B+kMAhcJEgk06Q==""]]}",False,,,,,,,,{},692f670b3c23ad22f9b58ff9,RecruiterSubmissionComplete,Notification
184,"{""py/object"": ""datetime.datetime"", ""__reduce__"": [{""py/type"": ""datetime.datetime""}, [""B+kMAhcJIAcxag==""]]}",False,,,,,,,,{},692f64bdc740e41603628bae,RecruiterSubmissionComplete,Notification
185,"{""py/object"": ""datetime.datetime"", ""__reduce__"": [{""py/type"": ""datetime.datetime""}, [""B+kMAhcPBgAIiQ==""]]}",False,,,,,,,,{},692f680a5aa85798dda1355e,RecruiterSubmissionComplete,Notification
186,"{""py/object"": ""datetime.datetime"", ""__reduce__"": [{""py/type"": ""datetime.datetime""}, [""B+kMAhcUIgnfJQ==""]]}",False,,,,,,,,{},692f65c49a41e8557af2993c,RecruiterSubmissionComplete,Notification
187,"{""py/object"": ""datetime.datetime"", ""__reduce__"": [{""py/type"": ""datetime.datetime""}, [""B+kMAhchJQjwGQ==""]]}",False,,,,,,,,{},692f6f003d1e114a46820c67,AssignmentReturned,Notification
188,"{""py/object"": ""datetime.datetime"", ""__reduce__"": [{""py/type"": ""datetime.datetime""}, [""B+kMAhcmEg1jxw==""]]}",False,,,,,,,,{},692f6f03b5a2351e9008733c,RecruiterSubmissionComplete,Notification
189,"{""py/object"": ""datetime.datetime"", ""__reduce__"": [{""py/type"": ""datetime.datetime""}, [""B+kMAwEXNQKSfw==""]]}",False,,,,,,,,{},692f90db619f82a7bd76a9e4,AssignmentReturned,Notification
190,"{""py/object"": ""datetime.datetime"", ""__reduce__"": [{""py/type"": ""datetime.datetime""}, [""B+kMAwEYNQvHqg==""]]}",False,,,,,,,,{},692f90b16b0c9d38ec923545,AssignmentReturned,Notification
191,"{""py/object"": ""datetime.datetime"", ""__reduce__"": [{""py/type"": ""datetime.datetime""}, [""B+kMAwEfJgwzOg==""]]}",False,,,,,,,,"{""feedback"": ""I have no idea how I encountered this error, I was playing the game and then it went to this page. I was on the level with an acorn."", ""error_text"": """", ""error_type"": ""/participant POST: worker has already participated."", ""request_data"": {""hit_id"": null, ""worker_id"": null, ""participant_id"": null}}",unknown,ExperimentError,Notification
192,"{""py/object"": ""datetime.datetime"", ""__reduce__"": [{""py/type"": ""datetime.datetime""}, [""B+kMAwEgFgwycw==""]]}",False,,,,,,,,{},692f912060ba0d9b77ca83bd,AssignmentReturned,Notification
193,"{""py/object"": ""datetime.datetime"", ""__reduce__"": [{""py/type"": ""datetime.datetime""}, [""B+kMAwEgFgyjuw==""]]}",False,,,,,,,,{},692f928bd5da58c0a1a39087,AssignmentReturned,Notification
194,"{""py/object"": ""datetime.datetime"", ""__reduce__"": [{""py/type"": ""datetime.datetime""}, [""B+kMAwEiLAV2Bw==""]]}",False,,,,,,,,{},692f8d60ddb88bf1ea573531,RecruiterSubmissionComplete,Notification
195,"{""py/object"": ""datetime.datetime"", ""__reduce__"": [{""py/type"": ""datetime.datetime""}, [""B+kMAwEtNgpcow==""]]}",False,,,,,,,,{},692f90025686213a89e2ef37,AssignmentReturned,Notification
196,"{""py/object"": ""datetime.datetime"", ""__reduce__"": [{""py/type"": ""datetime.datetime""}, [""B+kMAwExOQEa+w==""]]}",False,,,,,,,,{},692f8d64828fe87ee3d539fd,RecruiterSubmissionComplete,Notification
197,"{""py/object"": ""datetime.datetime"", ""__reduce__"": [{""py/type"": ""datetime.datetime""}, [""B+kMAwE2GwI1iQ==""]]}",False,,,,,,,,{},692f8f3f99c4be7224f5461c,RecruiterSubmissionComplete,Notification
198,"{""py/object"": ""datetime.datetime"", ""__reduce__"": [{""py/type"": ""datetime.datetime""}, [""B+kMAwE2HAe2aw==""]]}",False,,,,,,,,{},692f8ecbafcbc28381be94e8,RecruiterSubmissionComplete,Notification
199,"{""py/object"": ""datetime.datetime"", ""__reduce__"": [{""py/type"": ""datetime.datetime""}, [""B+kMAwE6Fw8xWQ==""]]}",False,,,,,,,,{},692f937c9ff390de71a0c39a,AssignmentReturned,Notification
200,"{""py/object"": ""datetime.datetime"", ""__reduce__"": [{""py/type"": ""datetime.datetime""}, [""B+kMAwIFNQITkA==""]]}",False,,,,,,,,{},692f9a37c0169456a33cfb8b,AssignmentReturned,Notification
201,"{""py/object"": ""datetime.datetime"", ""__reduce__"": [{""py/type"": ""datetime.datetime""}, [""B+kMAwIKKwy7NQ==""]]}",False,,,,,,,,{},692f941f74e353c6cda817b5,RecruiterSubmissionComplete,Notification
202,"{""py/object"": ""datetime.datetime"", ""__reduce__"": [{""py/type"": ""datetime.datetime""}, [""B+kMAwIOOQANBA==""]]}",False,,,,,,,,{},692f94e4b1bc6989c057e3a2,RecruiterSubmissionComplete,Notification
203,"{""py/object"": ""datetime.datetime"", ""__reduce__"": [{""py/type"": ""datetime.datetime""}, [""B+kMAwIVCAft9w==""]]}",False,,,,,,,,{},692f921fd08078404f1e5ba6,RecruiterSubmissionComplete,Notification
204,"{""py/object"": ""datetime.datetime"", ""__reduce__"": [{""py/type"": ""datetime.datetime""}, [""B+kMAwIVFwBtqg==""]]}",False,,,,,,,,{},692f9d65ccd98a1f01e2db4a,AssignmentReturned,Notification
205,"{""py/object"": ""datetime.datetime"", ""__reduce__"": [{""py/type"": ""datetime.datetime""}, [""B+kMAwIVNgMoBw==""]]}",False,,,,,,,,{},692f9c65a8f436d4b34ab173,AssignmentReturned,Notification
206,"{""py/object"": ""datetime.datetime"", ""__reduce__"": [{""py/type"": ""datetime.datetime""}, [""B+kMAwIWNQBdzA==""]]}",False,,,,,,,,{},692f9211f217935252e7fc8f,AssignmentReturned,Notification
207,"{""py/object"": ""datetime.datetime"", ""__reduce__"": [{""py/type"": ""datetime.datetime""}, [""B+kMAwIdHw3RFA==""]]}",False,,,,,,,,{},692f949c57ed2342960f387e,RecruiterSubmissionComplete,Notification
208,"{""py/object"": ""datetime.datetime"", ""__reduce__"": [{""py/type"": ""datetime.datetime""}, [""B+kMAwIkGwRPiQ==""]]}",False,,,,,,,,{},692f988ed27d605803ea4bfd,RecruiterSubmissionComplete,Notification
209,"{""py/object"": ""datetime.datetime"", ""__reduce__"": [{""py/type"": ""datetime.datetime""}, [""B+kMAwIkNQBdtQ==""]]}",False,,,,,,,,{},692f9ebdabc9ec0b5561e589,AssignmentReturned,Notification
210,"{""py/object"": ""datetime.datetime"", ""__reduce__"": [{""py/type"": ""datetime.datetime""}, [""B+kMAwIkNQDAKw==""]]}",False,,,,,,,,{},692f9fde55aa5c50141153ca,AssignmentReturned,Notification
211,"{""py/object"": ""datetime.datetime"", ""__reduce__"": [{""py/type"": ""datetime.datetime""}, [""B+kMAwImNQu27w==""]]}",False,,,,,,,,{},692fa0d2c4a2bee355bdfd48,AssignmentReturned,Notification
212,"{""py/object"": ""datetime.datetime"", ""__reduce__"": [{""py/type"": ""datetime.datetime""}, [""B+kMAwIpFgUZ6w==""]]}",False,,,,,,,,{},692f94e894b1663cd27445e3,RecruiterSubmissionComplete,Notification
213,"{""py/object"": ""datetime.datetime"", ""__reduce__"": [{""py/type"": ""datetime.datetime""}, [""B+kMAwItAgjepg==""]]}",False,,,,,,,,{},692f9cd655aa5c501411535f,RecruiterSubmissionComplete,Notification
214,"{""py/object"": ""datetime.datetime"", ""__reduce__"": [{""py/type"": ""datetime.datetime""}, [""B+kMAwIvHwn6bA==""]]}",False,,,,,,,,{},692f9d4fd4db212f7af62fd7,RecruiterSubmissionComplete,Notification
215,"{""py/object"": ""datetime.datetime"", ""__reduce__"": [{""py/type"": ""datetime.datetime""}, [""B+kMAwI1DQBVFw==""]]}",False,,,,,,,,{},692f9e4821621ff504cb1c29,RecruiterSubmissionComplete,Notification
216,"{""py/object"": ""datetime.datetime"", ""__reduce__"": [{""py/type"": ""datetime.datetime""}, [""B+kMAwI2KgpH1g==""]]}",False,,,,,,,,{},692f9dcff120807bbfd740d9,RecruiterSubmissionComplete,Notification
217,"{""py/object"": ""datetime.datetime"", ""__reduce__"": [{""py/type"": ""datetime.datetime""}, [""B+kMAwI4CAnV/w==""]]}",False,,,,,,,,{},692f9df447f3e0b70d358fdf,RecruiterSubmissionComplete,Notification
218,"{""py/object"": ""datetime.datetime"", ""__reduce__"": [{""py/type"": ""datetime.datetime""}, [""B+kMAwI4JQgEmQ==""]]}",False,,,,,,,,{},692f9af8354165f1ac13fbfb,RecruiterSubmissionComplete,Notification
219,"{""py/object"": ""datetime.datetime"", ""__reduce__"": [{""py/type"": ""datetime.datetime""}, [""B+kMAwMABAg6ww==""]]}",False,,,,,,,,{},692f9f18bd20456f2de45d83,RecruiterSubmissionComplete,Notification
220,"{""py/object"": ""datetime.datetime"", ""__reduce__"": [{""py/type"": ""datetime.datetime""}, [""B+kMAwMAFwGcjw==""]]}",False,,,,,,,,{},692fa6d106fc18c6d7021334,AssignmentReturned,Notification
221,"{""py/object"": ""datetime.datetime"", ""__reduce__"": [{""py/type"": ""datetime.datetime""}, [""B+kMAwMBFwQEZA==""]]}",False,,,,,,,,{},692fa6a34b212ec3d8f37800,AssignmentReturned,Notification
222,"{""py/object"": ""datetime.datetime"", ""__reduce__"": [{""py/type"": ""datetime.datetime""}, [""B+kMAwMFGAIIKA==""]]}",False,,,,,,,,{},692fa3366311fd34bc50ab4e,AssignmentReturned,Notification
223,"{""py/object"": ""datetime.datetime"", ""__reduce__"": [{""py/type"": ""datetime.datetime""}, [""B+kMAwMGMQFj3w==""]]}",False,,,,,,,,{},692f9e980351e0fdd94c25bf,RecruiterSubmissionComplete,Notification
224,"{""py/object"": ""datetime.datetime"", ""__reduce__"": [{""py/type"": ""datetime.datetime""}, [""B+kMAwMSFA2uaA==""]]}",False,,,,,,,,"{""feedback"": ""I was using a touchpad on my laptop.  I must have right clicked instead of left clicked and it sent me here.  That's a best guess."", ""error_text"": """", ""error_type"": ""/participant POST: worker has already participated."", ""request_data"": {""hit_id"": null, ""worker_id"": null, ""participant_id"": null}}",unknown,ExperimentError,Notification
225,"{""py/object"": ""datetime.datetime"", ""__reduce__"": [{""py/type"": ""datetime.datetime""}, [""B+kMAwMSJwnL7Q==""]]}",False,,,,,,,,"{""feedback"": ""I was using a touchpad on my laptop.  I must have right clicked instead of left clicked and it sent me here.  That's a best guess."", ""error_text"": """", ""error_type"": ""/participant POST: worker has already participated."", ""request_data"": {""hit_id"": null, ""worker_id"": null, ""participant_id"": null}}",unknown,ExperimentError,Notification
226,"{""py/object"": ""datetime.datetime"", ""__reduce__"": [{""py/type"": ""datetime.datetime""}, [""B+kMAwMjBgCpLA==""]]}",False,,,,,,,,{},692fa73b98b79bb550612910,RecruiterSubmissionComplete,Notification
227,"{""py/object"": ""datetime.datetime"", ""__reduce__"": [{""py/type"": ""datetime.datetime""}, [""B+kMAwMuDgl3QQ==""]]}",False,,,,,,,,{},692fa6259fa72ef093f96ebb,RecruiterSubmissionComplete,Notification
228,"{""py/object"": ""datetime.datetime"", ""__reduce__"": [{""py/type"": ""datetime.datetime""}, [""B+kMAwM4NQZltw==""]]}",False,,,,,,,,{},692fb3839b0b8b0305f63aaa,AssignmentReturned,Notification
229,"{""py/object"": ""datetime.datetime"", ""__reduce__"": [{""py/type"": ""datetime.datetime""}, [""B+kMAwQDFweQxA==""]]}",False,,,,,,,,{},692fb55bb7634e8dbf9f6fe2,AssignmentReturned,Notification
230,"{""py/object"": ""datetime.datetime"", ""__reduce__"": [{""py/type"": ""datetime.datetime""}, [""B+kMAwQHOgofFA==""]]}",False,,,,,,,,{},692faaf4bb95ee6f7a57f12f,RecruiterSubmissionComplete,Notification
231,"{""py/object"": ""datetime.datetime"", ""__reduce__"": [{""py/type"": ""datetime.datetime""}, [""B+kMAwQIGwYwXA==""]]}",False,,,,,,,,{},692fabc5f9f73cbd20851995,RecruiterSubmissionComplete,Notification
232,"{""py/object"": ""datetime.datetime"", ""__reduce__"": [{""py/type"": ""datetime.datetime""}, [""B+kMAwQJFgECLw==""]]}",False,,,,,,,,{},692fabd4945212a2ac1211f1,RecruiterSubmissionComplete,Notification
233,"{""py/object"": ""datetime.datetime"", ""__reduce__"": [{""py/type"": ""datetime.datetime""}, [""B+kMAwQMFwKCeg==""]]}",False,,,,,,,,{},692fb8080ff40488e466bd1b,AssignmentReturned,Notification
234,"{""py/object"": ""datetime.datetime"", ""__reduce__"": [{""py/type"": ""datetime.datetime""}, [""B+kMAwQPOApgew==""]]}",False,,,,,,,,{},692fa50f9140ca86a5b4442d,RecruiterSubmissionComplete,Notification
235,"{""py/object"": ""datetime.datetime"", ""__reduce__"": [{""py/type"": ""datetime.datetime""}, [""B+kMAwQaHA4VYQ==""]]}",False,,,,,,,,{},692fb6417505068ca1962ae5,RecruiterSubmissionComplete,Notification
236,"{""py/object"": ""datetime.datetime"", ""__reduce__"": [{""py/type"": ""datetime.datetime""}, [""B+kMAwQaIght9w==""]]}",False,,,,,,,,{},692fadd7e7d903e7175f5def,RecruiterSubmissionComplete,Notification
237,"{""py/object"": ""datetime.datetime"", ""__reduce__"": [{""py/type"": ""datetime.datetime""}, [""B+kMAwQaKwll8A==""]]}",False,,,,,,,,{},692fb63166064bb93caab345,RecruiterSubmissionComplete,Notification
238,"{""py/object"": ""datetime.datetime"", ""__reduce__"": [{""py/type"": ""datetime.datetime""}, [""B+kMAwQkFwXA4w==""]]}",False,,,,,,,,{},692fbb63fe36b3b11b94d002,AssignmentReturned,Notification
239,"{""py/object"": ""datetime.datetime"", ""__reduce__"": [{""py/type"": ""datetime.datetime""}, [""B+kMAwQqNQlY4Q==""]]}",False,,,,,,,,{},692fbca278812463fd3cfb22,AssignmentReturned,Notification
240,"{""py/object"": ""datetime.datetime"", ""__reduce__"": [{""py/type"": ""datetime.datetime""}, [""B+kMAwQxNgW3vA==""]]}",False,,,,,,,,{},692fbf0115173b7f773a44f9,AssignmentReturned,Notification
241,"{""py/object"": ""datetime.datetime"", ""__reduce__"": [{""py/type"": ""datetime.datetime""}, [""B+kMAwUGCgM7iA==""]]}",False,,,,,,,,{},692fb8f20c9bb4e7cf121419,RecruiterSubmissionComplete,Notification
242,"{""py/object"": ""datetime.datetime"", ""__reduce__"": [{""py/type"": ""datetime.datetime""}, [""B+kMAwUSMQS/0g==""]]}",False,,,,,,,,{},692fbcef78bcc2960957cbed,RecruiterSubmissionComplete,Notification
243,"{""py/object"": ""datetime.datetime"", ""__reduce__"": [{""py/type"": ""datetime.datetime""}, [""B+kMAwUTFwSYmA==""]]}",False,,,,,,,,{},692fc78bb2e0aa7a8959bf22,AssignmentReturned,Notification
244,"{""py/object"": ""datetime.datetime"", ""__reduce__"": [{""py/type"": ""datetime.datetime""}, [""B+kMAwUXOwlLtA==""]]}",False,,,,,,,,{},692fbd5698760f638c00c881,RecruiterSubmissionComplete,Notification
245,"{""py/object"": ""datetime.datetime"", ""__reduce__"": [{""py/type"": ""datetime.datetime""}, [""B+kMAwUYNwhfvQ==""]]}",False,,,,,,,,{},692fc777d8764dd6279452f2,AssignmentReturned,Notification
246,"{""py/object"": ""datetime.datetime"", ""__reduce__"": [{""py/type"": ""datetime.datetime""}, [""B+kMAwUaNQkPDw==""]]}",False,,,,,,,,{},692fc78388fc87dfbcd5210d,AssignmentReturned,Notification
247,"{""py/object"": ""datetime.datetime"", ""__reduce__"": [{""py/type"": ""datetime.datetime""}, [""B+kMAwUfHgkKmg==""]]}",False,,,,,,,,{},692fbb400585590b0f1ce16c,RecruiterSubmissionComplete,Notification
248,"{""py/object"": ""datetime.datetime"", ""__reduce__"": [{""py/type"": ""datetime.datetime""}, [""B+kMAwUlFw24cw==""]]}",False,,,,,,,,{},692fc78da5e9526858b370f9,AssignmentReturned,Notification
249,"{""py/object"": ""datetime.datetime"", ""__reduce__"": [{""py/type"": ""datetime.datetime""}, [""B+kMAwUpHwzPxA==""]]}",False,,,,,,,,{},692fc7853631437d430137e2,RecruiterSubmissionComplete,Notification
250,"{""py/object"": ""datetime.datetime"", ""__reduce__"": [{""py/type"": ""datetime.datetime""}, [""B+kMAwUtIgn0+g==""]]}",False,,,,,,,,"{""feedback"": ""I couldn't get past the section of sorting the cards. The numbers would start to add up, then eventually it would drop to -105 and I couldn't move forward. I tried for 10-15 minutes but I couldn't get past that stage."", ""error_text"": """", ""error_type"": ""/participant POST: worker has already participated."", ""request_data"": {""hit_id"": null, ""worker_id"": null, ""participant_id"": null}}",unknown,ExperimentError,Notification
251,"{""py/object"": ""datetime.datetime"", ""__reduce__"": [{""py/type"": ""datetime.datetime""}, [""B+kMAwU0NQaB/Q==""]]}",False,,,,,,,,{},692fc78b2491d3dda123a75a,AssignmentReturned,Notification
252,"{""py/object"": ""datetime.datetime"", ""__reduce__"": [{""py/type"": ""datetime.datetime""}, [""B+kMAwU2NgvotQ==""]]}",False,,,,,,,,{},692fc570ab4d26ff8c6290d8,RecruiterSubmissionComplete,Notification
253,"{""py/object"": ""datetime.datetime"", ""__reduce__"": [{""py/type"": ""datetime.datetime""}, [""B+kMAwU3NgfuoA==""]]}",False,,,,,,,,{},692fc9985f7ccc0605f289f6,AssignmentReturned,Notification
254,"{""py/object"": ""datetime.datetime"", ""__reduce__"": [{""py/type"": ""datetime.datetime""}, [""B+kMAwU4GANSiA==""]]}",False,,,,,,,,{},692fcda4a62fe223359ea6ad,AssignmentReturned,Notification
255,"{""py/object"": ""datetime.datetime"", ""__reduce__"": [{""py/type"": ""datetime.datetime""}, [""B+kMAwU7FwRPYg==""]]}",False,,,,,,,,{},692fcc822776874dd3b468b6,AssignmentReturned,Notification
256,"{""py/object"": ""datetime.datetime"", ""__reduce__"": [{""py/type"": ""datetime.datetime""}, [""B+kMAwYGIAFGcA==""]]}",False,,,,,,,,{},692fc775d5c5f659b106bf48,RecruiterSubmissionComplete,Notification
257,"{""py/object"": ""datetime.datetime"", ""__reduce__"": [{""py/type"": ""datetime.datetime""}, [""B+kMAwYMJAtZuw==""]]}",False,,,,,,,,{},692fc7783b4be148bec4bd48,RecruiterSubmissionComplete,Notification
258,"{""py/object"": ""datetime.datetime"", ""__reduce__"": [{""py/type"": ""datetime.datetime""}, [""B+kMAwYNFwUvXA==""]]}",False,,,,,,,,{},692fc853e442c15327a93e41,AssignmentReturned,Notification
259,"{""py/object"": ""datetime.datetime"", ""__reduce__"": [{""py/type"": ""datetime.datetime""}, [""B+kMAwYRFwC+vw==""]]}",False,,,,,,,,{},692fc768019e4bcc51619b35,RecruiterSubmissionComplete,Notification
260,"{""py/object"": ""datetime.datetime"", ""__reduce__"": [{""py/type"": ""datetime.datetime""}, [""B+kMAwYWNQznrw==""]]}",False,,,,,,,,{},692fc773d5423180119b5453,RecruiterSubmissionComplete,Notification
261,"{""py/object"": ""datetime.datetime"", ""__reduce__"": [{""py/type"": ""datetime.datetime""}, [""B+kMAwYZKghCog==""]]}",False,,,,,,,,{},692fca0ce1d1d274743299d1,RecruiterSubmissionComplete,Notification
262,"{""py/object"": ""datetime.datetime"", ""__reduce__"": [{""py/type"": ""datetime.datetime""}, [""B+kMAwYhDghyWw==""]]}",False,,,,,,,,{},692fccf3942eb4b22a4553b9,RecruiterSubmissionComplete,Notification
263,"{""py/object"": ""datetime.datetime"", ""__reduce__"": [{""py/type"": ""datetime.datetime""}, [""B+kMAwYjNwLq+A==""]]}",False,,,,,,,,{},692fc853e57ba6d9da251285,AssignmentReturned,Notification
264,"{""py/object"": ""datetime.datetime"", ""__reduce__"": [{""py/type"": ""datetime.datetime""}, [""B+kMAwgNGADPIQ==""]]}",False,,,,,,,,{},692fc9ab21b178746b4ab749,AssignmentReturned,Notification
265,"{""py/object"": ""datetime.datetime"", ""__reduce__"": [{""py/type"": ""datetime.datetime""}, [""B+kMAxAPFwxgQg==""]]}",False,,,,,,,,{},693061170c20e12b4f7d0a68,AssignmentReturned,Notification
266,"{""py/object"": ""datetime.datetime"", ""__reduce__"": [{""py/type"": ""datetime.datetime""}, [""B+kMAxAQGANtUg==""]]}",False,,,,,,,,{},693061255067b18fbcd4b817,AssignmentReturned,Notification
267,"{""py/object"": ""datetime.datetime"", ""__reduce__"": [{""py/type"": ""datetime.datetime""}, [""B+kMAxATOAC6ow==""]]}",False,,,,,,,,{},6930623f2d57faf6997b6daf,AssignmentReturned,Notification
268,"{""py/object"": ""datetime.datetime"", ""__reduce__"": [{""py/type"": ""datetime.datetime""}, [""B+kMAxAbFwt6TQ==""]]}",False,,,,,,,,{},6930612466cf7f1e842d7fcb,AssignmentReturned,Notification
269,"{""py/object"": ""datetime.datetime"", ""__reduce__"": [{""py/type"": ""datetime.datetime""}, [""B+kMAxAmDAeYyg==""]]}",False,,,,,,,,{},6930611d2adce5fdbcf63e57,RecruiterSubmissionComplete,Notification
270,"{""py/object"": ""datetime.datetime"", ""__reduce__"": [{""py/type"": ""datetime.datetime""}, [""B+kMAxA7NwFzlw==""]]}",False,,,,,,,,{},6930631ac92c74de5f9f25d5,RecruiterSubmissionComplete,Notification
271,"{""py/object"": ""datetime.datetime"", ""__reduce__"": [{""py/type"": ""datetime.datetime""}, [""B+kMAxEAIAPy0w==""]]}",False,,,,,,,,{},6930612357c14becaea9ad07,RecruiterSubmissionComplete,Notification
272,"{""py/object"": ""datetime.datetime"", ""__reduce__"": [{""py/type"": ""datetime.datetime""}, [""B+kMAxEDMwesRA==""]]}",False,,,,,,,,{},69306126cdf9ff5461faab4b,RecruiterSubmissionComplete,Notification
273,"{""py/object"": ""datetime.datetime"", ""__reduce__"": [{""py/type"": ""datetime.datetime""}, [""B+kMAxEIMwbD1Q==""]]}",False,,,,,,,,{},693061522993e201a222b81c,RecruiterSubmissionComplete,Notification
274,"{""py/object"": ""datetime.datetime"", ""__reduce__"": [{""py/type"": ""datetime.datetime""}, [""B+kMAxEJOQNIMw==""]]}",False,,,,,,,,{},69306222850174432d52bc27,RecruiterSubmissionComplete,Notification
275,"{""py/object"": ""datetime.datetime"", ""__reduce__"": [{""py/type"": ""datetime.datetime""}, [""B+kMAxE0DwI6SA==""]]}",False,,,,,,,,{},69306a655b4ab93687a2afb3,RecruiterSubmissionComplete,Notification
276,"{""py/object"": ""datetime.datetime"", ""__reduce__"": [{""py/type"": ""datetime.datetime""}, [""B+kMAxIEDwXVhQ==""]]}",False,,,,,,,,{},69306d68b1e8d319678e866b,RecruiterSubmissionComplete,Notification
277,"{""py/object"": ""datetime.datetime"", ""__reduce__"": [{""py/type"": ""datetime.datetime""}, [""B+kMAxIFEgUdCA==""]]}",False,,,,,,,,{},69306d698875760d50d543f8,RecruiterSubmissionComplete,Notification
278,"{""py/object"": ""datetime.datetime"", ""__reduce__"": [{""py/type"": ""datetime.datetime""}, [""B+kMAxIUOwas6w==""]]}",False,,,,,,,,{},6930746a03b5a741e4d9e33d,RecruiterSubmissionComplete,Notification
279,"{""py/object"": ""datetime.datetime"", ""__reduce__"": [{""py/type"": ""datetime.datetime""}, [""B+kMAxIXMwI2+A==""]]}",False,,,,,,,,{},69306ebded98931df78d3b20,RecruiterSubmissionComplete,Notification
280,"{""py/object"": ""datetime.datetime"", ""__reduce__"": [{""py/type"": ""datetime.datetime""}, [""B+kMAxIlHgP55Q==""]]}",False,,,,,,,,{},69306eee47040e3757f647c8,RecruiterSubmissionComplete,Notification
281,"{""py/object"": ""datetime.datetime"", ""__reduce__"": [{""py/type"": ""datetime.datetime""}, [""B+kMAxI4Hgm+Zg==""]]}",False,,,,,,,,{},69307b90116425d1d740434e,RecruiterSubmissionComplete,Notification
282,"{""py/object"": ""datetime.datetime"", ""__reduce__"": [{""py/type"": ""datetime.datetime""}, [""B+kMAxMCCQbHTg==""]]}",False,,,,,,,,{},69307d1bdae41aa22b8ff281,RecruiterSubmissionComplete,Notification
283,"{""py/object"": ""datetime.datetime"", ""__reduce__"": [{""py/type"": ""datetime.datetime""}, [""B+kMAxMKLQ0KIQ==""]]}",False,,,,,,,,{},6930804ae6c6de49d0453f99,RecruiterSubmissionComplete,Notification
284,"{""py/object"": ""datetime.datetime"", ""__reduce__"": [{""py/type"": ""datetime.datetime""}, [""B+kMAxMNBQ3OJA==""]]}",False,,,,,,,,{},69308381fed4f825383038e7,RecruiterSubmissionComplete,Notification
285,"{""py/object"": ""datetime.datetime"", ""__reduce__"": [{""py/type"": ""datetime.datetime""}, [""B+kMAxMcNg6Czg==""]]}",False,,,,,,,,{},6930804e0fb93fd4a00e33d0,RecruiterSubmissionComplete,Notification
286,"{""py/object"": ""datetime.datetime"", ""__reduce__"": [{""py/type"": ""datetime.datetime""}, [""B+kMAxMpDQLzKA==""]]}",False,,,,,,,,{},693087664a78fb3b0ac06ecc,RecruiterSubmissionComplete,Notification
287,"{""py/object"": ""datetime.datetime"", ""__reduce__"": [{""py/type"": ""datetime.datetime""}, [""B+kMAxMuCQ1frQ==""]]}",False,,,,,,,,{},693084d15ca0b88e8ad8b60d,RecruiterSubmissionComplete,Notification
288,"{""py/object"": ""datetime.datetime"", ""__reduce__"": [{""py/type"": ""datetime.datetime""}, [""B+kMAxM4OgVh1Q==""]]}",False,,,,,,,,{},69308ad01512d46686edc8bb,RecruiterSubmissionComplete,Notification
289,"{""py/object"": ""datetime.datetime"", ""__reduce__"": [{""py/type"": ""datetime.datetime""}, [""B+kMAxQXKAQmnA==""]]}",False,,,,,,,,{},69308b580251feb9c81d1906,RecruiterSubmissionComplete,Notification
290,"{""py/object"": ""datetime.datetime"", ""__reduce__"": [{""py/type"": ""datetime.datetime""}, [""B+kMAxQfJggTmw==""]]}",False,,,,,,,,{},69308b7aeb88a54c1501b430,RecruiterSubmissionComplete,Notification
291,"{""py/object"": ""datetime.datetime"", ""__reduce__"": [{""py/type"": ""datetime.datetime""}, [""B+kMAxUKHgz5JA==""]]}",False,,,,,,,,{},693099685d48176b4359547c,RecruiterSubmissionComplete,Notification
292,"{""py/object"": ""datetime.datetime"", ""__reduce__"": [{""py/type"": ""datetime.datetime""}, [""B+kMAxUKNQGL/w==""]]}",False,,,,,,,,{},6930996b8125e67f693af304,RecruiterSubmissionComplete,Notification
293,"{""py/object"": ""datetime.datetime"", ""__reduce__"": [{""py/type"": ""datetime.datetime""}, [""B+kMAxUQFwZYcA==""]]}",False,,,,,,,,{},69309976fdd08c65a7c1f85b,RecruiterSubmissionComplete,Notification
294,"{""py/object"": ""datetime.datetime"", ""__reduce__"": [{""py/type"": ""datetime.datetime""}, [""B+kMAxUdGwdgnQ==""]]}",False,,,,,,,,{},6930a083357dc95098ea8f75,RecruiterSubmissionComplete,Notification
295,"{""py/object"": ""datetime.datetime"", ""__reduce__"": [{""py/type"": ""datetime.datetime""}, [""B+kMAxUgOwtzGQ==""]]}",False,,,,,,,,{},69309dfb9094b109cbc5325e,RecruiterSubmissionComplete,Notification
296,"{""py/object"": ""datetime.datetime"", ""__reduce__"": [{""py/type"": ""datetime.datetime""}, [""B+kMAxUtJQGCJQ==""]]}",False,,,,,,,,"{""feedback"": ""I finished the entire study and the post-experiment questions, but clicking Next brought me to this error page. Everything worked until the final screen."", ""error_text"": """", ""error_type"": ""/participant POST: worker has already participated."", ""request_data"": {""hit_id"": null, ""worker_id"": null, ""participant_id"": null}}",unknown,ExperimentError,Notification
297,"{""py/object"": ""datetime.datetime"", ""__reduce__"": [{""py/type"": ""datetime.datetime""}, [""B+kMBBYXLg3QKA==""]]}",False,,,,,,,,{},6931ff4b65e3672bb1dacd3e,RecruiterSubmissionComplete,Notification
298,"{""py/object"": ""datetime.datetime"", ""__reduce__"": [{""py/type"": ""datetime.datetime""}, [""B+kMBBYbNg5AwA==""]]}",False,,,,,,,,{},6931fe6b2dae9ee684427bc7,RecruiterSubmissionComplete,Notification
299,"{""py/object"": ""datetime.datetime"", ""__reduce__"": [{""py/type"": ""datetime.datetime""}, [""B+kMBBcoNQiGOA==""]]}",False,,,,,,,,{},69320b6509c5872cc06a36e8,RecruiterSubmissionComplete,Notification
